../images/8801-1292.jpg	20180510215206	http://swatches.ultrasuede.us/swatches/images/8801-1292.jpg
../images/large/8801-1292.jpg	20170402185522	http://www.ultrasuede.com/products/images/lt_l_1292.jpg
../images/8801-1317.jpg	20180510215206	http://swatches.ultrasuede.us/swatches/images/8801-1317.jpg
../images/large/8801-1317.jpg	20170401173127	http://www.ultrasuede.com/products/images/lt_l_1317.jpg
../images/8801-2140.jpg	20180510215204	http://swatches.ultrasuede.us/swatches/images/8801-2140.jpg
../images/large/8801-2140.jpg	20170401232803	http://www.ultrasuede.com/products/images/lt_l_2140.jpg
../images/8801-2467.jpg	20180510215205	http://swatches.ultrasuede.us/swatches/images/8801-2467.jpg
../images/8801-2559.jpg	20180510215205	http://swatches.ultrasuede.us/swatches/images/8801-2559.jpg
../images/large/8801-2559.jpg	20170401234741	http://www.ultrasuede.com/products/images/lt_l_2559.jpg
../images/8801-2662.jpg	20180510215204	http://swatches.ultrasuede.us/swatches/images/8801-2662.jpg
../images/large/8801-2662.jpg	20170401052703	http://www.ultrasuede.com/products/images/lt_l_2662.jpg
../images/8801-2677.jpg	20180510215202	http://swatches.ultrasuede.us/swatches/images/8801-2677.jpg
../images/large/8801-2677.jpg	20170401121211	http://www.ultrasuede.com/products/images/lt_l_2677.jpg
../images/8801-3131.jpg	20180510215206	http://swatches.ultrasuede.us/swatches/images/8801-3131.jpg
../images/large/8801-3131.jpg	20170402060341	http://www.ultrasuede.com/products/images/lt_l_3131.jpg
../images/8801-3184.jpg	20180510215202	http://swatches.ultrasuede.us/swatches/images/8801-3184.jpg
../images/8801-3434.jpg	20180510215207	http://swatches.ultrasuede.us/swatches/images/8801-3434.jpg
../images/8801-3449.jpg	20180510215204	http://swatches.ultrasuede.us/swatches/images/8801-3449.jpg
../images/large/8801-3449.jpg	20170401121216	http://www.ultrasuede.com/products/images/lt_l_3449.jpg
../images/8801-3485.jpg	20180510215206	http://swatches.ultrasuede.us/swatches/images/8801-3485.jpg
../images/large/8801-3485.jpg	20170402185516	http://www.ultrasuede.com/products/images/lt_l_3485.jpg
../images/8801-3614.jpg	20180510215203	http://swatches.ultrasuede.us/swatches/images/8801-3614.jpg
../images/large/8801-3614.jpg	20170402181500	http://www.ultrasuede.com/products/images/lt_l_3614.jpg
../images/8801-3615.jpg	20180510215203	http://swatches.ultrasuede.us/swatches/images/8801-3615.jpg
../images/large/8801-3615.jpg	20170402130750	http://www.ultrasuede.com/products/images/lt_l_3615.jpg
../images/8801-3618.jpg	20180510215203	http://swatches.ultrasuede.us/swatches/images/8801-3618.jpg
../images/large/8801-3618.jpg	20170401181925	http://www.ultrasuede.com/products/images/lt_l_3618.jpg
../images/8801-3619.jpg	20180510215206	http://swatches.ultrasuede.us/swatches/images/8801-3619.jpg
../images/large/8801-3619.jpg	20170401234319	http://www.ultrasuede.com/products/images/lt_l_3619.jpg
../images/8801-3623.jpg	20180510215202	http://swatches.ultrasuede.us/swatches/images/8801-3623.jpg
../images/large/8801-3623.jpg	20170402191122	http://www.ultrasuede.com/products/images/lt_l_3623.jpg
../images/8801-3693.jpg	20180510215206	http://swatches.ultrasuede.us/swatches/images/8801-3693.jpg
../images/large/8801-3693.jpg	20170402003202	http://www.ultrasuede.com/products/images/lt_l_3693.jpg
../images/8801-3733.jpg	20180510215207	http://swatches.ultrasuede.us/swatches/images/8801-3733.jpg
../images/large/8801-3733.jpg	20170402055126	http://www.ultrasuede.com/products/images/lt_l_3733.jpg
../images/8801-4257.jpg	20180510215203	http://swatches.ultrasuede.us/swatches/images/8801-4257.jpg
../images/large/8801-4257.jpg	20170401234235	http://www.ultrasuede.com/products/images/lt_l_4257.jpg
../images/8801-4512.jpg	20180510215203	http://swatches.ultrasuede.us/swatches/images/8801-4512.jpg
../images/large/8801-4512.jpg	20170401172416	http://www.ultrasuede.com/products/images/lt_l_4512.jpg
../images/8801-4519.jpg	20180510215207	http://swatches.ultrasuede.us/swatches/images/8801-4519.jpg
../images/8801-4529.jpg	20180510215203	http://swatches.ultrasuede.us/swatches/images/8801-4529.jpg
../images/large/8801-4529.jpg	20170402180317	http://www.ultrasuede.com/products/images/lt_l_4529.jpg
../images/8801-4546.jpg	20180510215202	http://swatches.ultrasuede.us/swatches/images/8801-4546.jpg
../images/8801-5235.jpg	20180510215203	http://swatches.ultrasuede.us/swatches/images/8801-5235.jpg
../images/large/8801-5235.jpg	20170402115955	http://www.ultrasuede.com/products/images/lt_l_5235.jpg
../images/8801-5257.jpg	20180510215207	http://swatches.ultrasuede.us/swatches/images/8801-5257.jpg
../images/large/8801-5257.jpg	20170401234304	http://www.ultrasuede.com/products/images/lt_l_5257.jpg
../images/8801-5553.jpg	20180510215206	http://swatches.ultrasuede.us/swatches/images/8801-5553.jpg
../images/large/8801-5553.jpg	20170402180331	http://www.ultrasuede.com/products/images/lt_l_5553.jpg
../images/8801-5743.jpg	20180510215205	http://swatches.ultrasuede.us/swatches/images/8801-5743.jpg
../images/large/8801-5743.jpg	20170401113412	http://www.ultrasuede.com/products/images/lt_l_5743.jpg
../images/8801-5860.jpg	20180510215205	http://swatches.ultrasuede.us/swatches/images/8801-5860.jpg
../images/large/8801-5860.jpg	20170401174254	http://www.ultrasuede.com/products/images/lt_l_5860.jpg
../images/8801-5872.jpg	20180510215206	http://swatches.ultrasuede.us/swatches/images/8801-5872.jpg
../images/large/8801-5872.jpg	20170401113405	http://www.ultrasuede.com/products/images/lt_l_5872.jpg
../images/8801-6442.jpg	20180510215204	http://swatches.ultrasuede.us/swatches/images/8801-6442.jpg
../images/8801-6564.jpg	20180510215204	http://swatches.ultrasuede.us/swatches/images/8801-6564.jpg
../images/large/8801-6564.jpg	20170402124712	http://www.ultrasuede.com/products/images/lt_l_6564.jpg
../images/8801-6581.jpg	20180510215202	http://swatches.ultrasuede.us/swatches/images/8801-6581.jpg
../images/large/8801-6581.jpg	20170402180324	http://www.ultrasuede.com/products/images/lt_l_6581.jpg
../images/8801-6587.jpg	20180510215206	http://swatches.ultrasuede.us/swatches/images/8801-6587.jpg
../images/large/8801-6587.jpg	20170402054133	http://www.ultrasuede.com/products/images/lt_l_6587.jpg
../images/8801-7330.jpg	20180510215204	http://swatches.ultrasuede.us/swatches/images/8801-7330.jpg
../images/large/8801-7330.jpg	20170402120106	http://www.ultrasuede.com/products/images/lt_l_7330.jpg
../images/8801-7349.jpg	20180510215203	http://swatches.ultrasuede.us/swatches/images/8801-7349.jpg
../images/large/8801-7349.jpg	20170401234309	http://www.ultrasuede.com/products/images/lt_l_7349.jpg
